width,height,resolution_mp,entropy,edge_density,color_variance,laplacian_variance,file_size_bytes,optimal_quality,source_file
2040,1404,2.864,7.2213,0.0918,2450.433,201.617,4953978,50,0001.png
2040,1848,3.77,7.2288,0.12207,2192.335,2430.401,7105219,70,0002.png
2040,1356,2.766,7.6846,0.16067,3403.658,1772.874,5269346,40,0003.png
2040,1344,2.742,7.5263,0.03736,4147.427,526.214,3126327,40,0004.png
1608,2040,3.28,7.5273,0.11737,3199.835,777.5,5982361,50,0005.png
1356,2040,2.766,7.442,0.02532,2930.646,284.678,3683559,50,0006.png
2040,1356,2.766,7.6273,0.19324,3717.996,2689.149,5922483,60,0007.png
2040,1356,2.766,7.5979,0.08279,4764.778,689.487,4877716,70,0008.png
2040,1524,3.109,7.6447,0.11013,5890.838,1933.858,5741871,60,0009.png
2040,1644,3.354,7.4997,0.07796,2561.122,849.953,6114081,80,0010.png
2040,1356,2.766,7.657,0.12778,2891.575,631.61,4964392,30,0011.png
2040,1356,2.766,7.7583,0.0737,4029.383,979.016,4620733,30,0012.png
2040,1368,2.791,4.4615,0.02477,2443.322,2135.35,2350238,30,0013.png
1356,2040,2.766,7.6368,0.07813,2706.078,968.971,3097118,90,0014.png
2040,1356,2.766,7.3772,0.12146,3183.606,1455.468,4990646,30,0015.png
2040,1356,2.766,7.5814,0.08541,4845.263,376.952,4823998,60,0016.png
2040,1356,2.766,7.5981,0.09638,5697.899,435.072,4413273,50,0017.png
2040,1368,2.791,7.5623,0.07754,5668.613,537.474,3473570,30,0018.png
2040,1536,3.133,7.1647,0.14844,3109.62,790.61,5900706,60,0019.png
2040,1392,2.84,6.9889,0.02349,2701.049,148.461,3795639,30,0020.png
2040,768,1.567,7.6153,0.09322,4558.457,1244.127,2300972,40,0021.png
2040,960,1.958,7.7112,0.18439,3211.293,2709.814,3907894,50,0022.png
2040,1356,2.766,7.053,0.00934,1870.446,31.414,2941889,30,0023.png
2040,1356,2.766,7.4991,0.0354,5504.333,395.882,4741595,90,0024.png
1140,2040,2.326,7.0585,0.05725,1936.192,430.509,3990145,80,0025.png
2040,1536,3.133,7.8446,0.20379,5974.289,4464.796,6973463,50,0026.png
2040,1548,3.158,7.504,0.06224,2274.177,815.202,4279662,30,0027.png
2040,1992,4.064,7.7345,0.03549,5068.577,317.406,6221622,80,0028.png
2040,1356,2.766,7.6051,0.20313,4598.118,5445.998,6441484,50,0029.png
2040,1272,2.595,7.661,0.09117,4760.719,878.354,4550858,70,0030.png
2040,1356,2.766,7.6866,0.14963,4760.688,1124.708,4833865,40,0031.png
2040,1356,2.766,7.516,0.04443,3161.696,290.965,3580821,60,0032.png
2040,1356,2.766,7.7262,0.06189,6615.266,2043.834,4191038,30,0033.png
2040,1356,2.766,7.8745,0.14354,5878.876,2167.489,5093060,40,0034.png
2040,1356,2.766,7.6175,0.12955,3540.666,1039.735,4712185,40,0035.png
2040,1536,3.133,6.0304,0.03791,1796.325,464.997,3867791,30,0036.png
2040,1356,2.766,6.6518,0.04707,3277.452,331.597,4049134,60,0037.png
2040,1224,2.497,7.4499,0.12436,5124.436,1682.646,4392156,30,0038.png
2040,1356,2.766,7.6221,0.0828,3602.037,930.058,4550692,60,0039.png
2040,1356,2.766,6.7652,0.01453,994.102,248.023,3422211,90,0040.png
2040,1356,2.766,7.7443,0.0394,5254.892,749.91,4468476,90,0041.png
2040,1356,2.766,7.4949,0.11344,2824.367,2035.249,4858316,60,0042.png
2040,1356,2.766,7.3136,0.07954,7010.068,1056.288,3628985,30,0043.png
2040,2040,4.162,7.7336,0.06772,4173.872,207.458,6340192,30,0044.png
2040,1140,2.326,7.4289,0.12853,5022.072,1733.235,3547082,30,0045.png
1356,2040,2.766,7.4107,0.05086,2429.65,124.094,4040619,40,0046.png
2040,1356,2.766,7.722,0.05558,3269.641,398.691,3885838,30,0047.png
2040,1356,2.766,6.4914,0.013,4619.768,127.189,3921354,90,0048.png
2040,1356,2.766,7.1197,0.09399,3052.205,1113.538,4088326,30,0049.png
2040,1356,2.766,7.8291,0.04402,4610.867,387.408,4169936,60,0050.png
2040,1368,2.791,7.6577,0.11748,4777.956,1621.095,4989488,50,0051.png
2040,1356,2.766,7.606,0.17241,2671.661,1783.564,5472985,50,0052.png
2040,1356,2.766,6.731,0.09319,5146.15,917.173,4096208,30,0053.png
2040,1332,2.717,7.0741,0.1927,2867.063,1177.483,5551029,50,0054.png
2040,1152,2.35,6.9203,0.02105,1900.053,162.604,2768814,60,0055.png
2040,1380,2.815,7.517,0.10006,3734.364,1868.164,4029971,30,0056.png
2040,1356,2.766,6.7025,0.03459,1949.099,448.852,2807362,30,0057.png
2040,1356,2.766,7.6879,0.02651,5289.681,186.22,3690060,30,0058.png
1644,2040,3.354,7.1208,0.04215,5974.192,221.376,5040330,50,0059.png
2040,1224,2.497,7.7266,0.08002,3753.07,1629.211,3969194,50,0060.png
1284,2040,2.619,5.0132,0.11141,1681.045,1268.778,4163784,30,0061.png
2040,1428,2.913,6.6603,0.05851,3929.608,1428.643,4598214,80,0062.png
2040,1584,3.231,7.7557,0.29661,5516.979,5281.286,7774286,30,0063.png
2040,1356,2.766,7.4076,0.01057,3338.589,45.347,3498908,30,0064.png
2040,1188,2.424,6.5336,0.21253,1067.202,3874.306,5422342,50,0065.png
2040,1356,2.766,7.7042,0.15792,3160.272,957.029,5180757,40,0066.png
2040,1320,2.693,6.556,0.02137,3752.654,482.415,3844999,90,0067.png
2040,1380,2.815,7.4824,0.03132,3318.383,331.863,3705311,40,0068.png
1248,2040,2.546,7.906,0.12154,6385.547,2417.614,4709511,30,0069.png
2040,1356,2.766,7.7704,0.17862,5084.62,4316.716,5258268,30,0070.png
1356,2040,2.766,7.5621,0.09683,2944.457,518.388,4852178,60,0071.png
2040,1356,2.766,7.7791,0.10491,4154.135,1341.432,4347763,50,0072.png
2040,1140,2.326,7.2037,0.14678,4339.477,1781.207,4105900,50,0073.png
2040,1356,2.766,7.6252,0.0963,3799.504,576.941,4408579,60,0074.png
2040,1356,2.766,7.8364,0.20693,5042.042,2584.058,5721593,40,0075.png
2040,1572,3.207,7.347,0.10483,3164.909,1125.945,5450499,60,0076.png
2040,1356,2.766,7.3164,0.01735,1845.553,120.065,2548662,30,0077.png
2040,1356,2.766,7.8014,0.1955,3644.656,1663.616,5585900,50,0078.png
2040,1356,2.766,7.2011,0.08074,4989.277,1376.113,3885643,60,0079.png
2040,1332,2.717,6.9631,0.05867,2541.238,899.898,3630474,30,0080.png
2040,1356,2.766,7.122,0.03926,3143.239,97.676,3708016,30,0081.png
2040,1212,2.472,7.8001,0.12309,4077.192,1446.538,4085226,30,0082.png
2040,1164,2.375,7.4009,0.12908,2248.356,1358.035,4480295,80,0083.png
2040,1368,2.791,7.2828,0.07717,3918.295,462.324,3303389,50,0084.png
2040,1356,2.766,7.3887,0.02688,6270.378,219.614,3434226,30,0085.png
2040,1356,2.766,6.5959,0.11033,7878.086,2505.699,4344097,40,0086.png
2040,1356,2.766,7.3821,0.01931,3625.691,433.324,3998468,90,0087.png
2040,1356,2.766,5.9295,0.08909,5849.458,946.844,3685920,30,0088.png
1536,2040,3.133,7.8738,0.059,4941.177,250.087,5062221,70,0089.png
2040,1356,2.766,7.6299,0.04189,4528.284,175.78,3920336,30,0090.png
2040,1536,3.133,7.233,0.07567,4251.578,410.371,4657871,40,0091.png
2040,1152,2.35,6.7817,0.09153,2895.952,1777.396,3512302,30,0092.png
2040,1368,2.791,7.4991,0.16654,5303.439,1143.926,5213695,50,0093.png
2040,1272,2.595,7.4685,0.12206,5726.137,1088.368,4426950,30,0094.png
2040,1356,2.766,7.6038,0.05713,5830.161,380.964,3715256,60,0095.png
2040,1356,2.766,7.6916,0.08046,4053.096,522.893,4387419,40,0096.png
2040,1188,2.424,7.4162,0.08156,4026.932,580.165,3612955,30,0097.png
2040,1536,3.133,7.7408,0.0522,3721.542,353.049,5296212,70,0098.png
2040,1536,3.133,7.7828,0.07158,5385.924,486.709,4887351,60,0099.png
2040,1356,2.766,7.5982,0.05609,6370.089,489.092,3941115,70,0100.png
2040,1512,3.084,4.1323,0.08711,3587.4,1677.234,2901317,30,0101.png
2040,1368,2.791,7.5405,0.17406,3079.183,1892.373,5780992,60,0102.png
2040,1140,2.326,6.556,0.07226,4099.641,1030.269,3717963,80,0103.png
2040,1320,2.693,7.1433,0.12803,2852.886,3928.175,4693471,60,0104.png
2040,1296,2.644,7.4936,0.04926,2444.42,272.209,4388142,80,0105.png
2040,1152,2.35,7.143,0.08125,1874.663,1295.635,3229704,40,0106.png
2040,1356,2.766,7.8739,0.26043,5731.618,5219.586,6085309,30,0107.png
2040,1536,3.133,7.4633,0.11181,4620.836,1763.834,5769515,40,0108.png
2040,1356,2.766,6.4107,0.01029,4447.408,84.624,2385196,30,0109.png
2040,1356,2.766,7.4485,0.03518,2982.621,222.902,3880418,40,0110.png
2040,1356,2.766,7.6646,0.09391,4945.025,1630.988,4252211,30,0111.png
1356,2040,2.766,7.4491,0.01839,4081.758,67.386,3535390,40,0112.png
2040,1368,2.791,7.6299,0.10469,6604.878,529.654,4498602,40,0113.png
1368,2040,2.791,7.6363,0.04095,4928.626,408.492,3771208,40,0114.png
2040,1536,3.133,3.9136,0.06771,2717.893,894.597,2684582,40,0115.png
2040,1356,2.766,7.8799,0.0636,6565.937,696.597,4137485,30,0116.png
2040,1356,2.766,7.6467,0.13114,4343.099,1178.906,4931689,60,0117.png
2040,1488,3.036,7.0837,0.02914,2379.116,699.075,4850628,90,0118.png
1356,2040,2.766,7.3931,0.09781,3848.429,1316.58,3590642,30,0119.png
2040,1356,2.766,7.4395,0.0258,7099.803,221.188,3179052,40,0120.png
2040,1356,2.766,7.6347,0.02401,3395.904,136.781,3172085,30,0121.png
2040,960,1.958,7.3217,0.14459,4847.113,1124.119,3805639,40,0122.png
2040,1536,3.133,7.1204,0.03907,3469.91,327.26,4667439,70,0123.png
1356,2040,2.766,6.2925,0.03277,729.386,107.246,3588974,30,0124.png
2040,1356,2.766,7.676,0.0645,5248.961,435.136,4107452,40,0125.png
2040,1464,2.987,7.4277,0.07345,3526.209,301.803,5076746,60,0126.png
2040,1356,2.766,7.6041,0.04856,5780.752,678.67,3652593,50,0127.png
2040,1284,2.619,7.2907,0.04823,6094.192,282.226,3847960,50,0128.png
2040,1356,2.766,7.6879,0.19512,3700.792,3145.045,5987636,60,0129.png
2040,1356,2.766,7.863,0.043,4252.221,140.802,3751764,30,0130.png
2040,1356,2.766,7.2276,0.08677,4626.556,976.95,4158566,60,0131.png
2040,1296,2.644,7.4611,0.14653,3885.759,1742.504,4859588,50,0132.png
2040,1356,2.766,6.7439,0.02832,6173.053,224.893,3294546,30,0133.png
1776,2040,3.623,7.6926,0.08698,4801.528,902.285,5456365,40,0134.png
2040,1344,2.742,7.7596,0.11903,3689.748,668.523,4999788,50,0135.png
2040,1356,2.766,7.1181,0.02495,1783.134,129.56,3019799,30,0136.png
2040,1332,2.717,7.3776,0.05185,4079.058,893.914,4038525,30,0137.png
2040,1356,2.766,5.7976,0.0227,534.633,171.618,2059654,30,0138.png
2040,948,1.934,7.6777,0.18133,4490.404,1880.103,4067175,60,0139.png
2040,1356,2.766,7.4816,0.16889,2391.449,1385.669,5642440,50,0140.png
2040,1356,2.766,6.7228,0.10334,1726.454,1666.349,4817958,60,0141.png
2040,1356,2.766,7.4579,0.18718,5478.112,4277.75,5237731,40,0142.png
2040,1356,2.766,7.8026,0.09733,3823.534,545.413,4117394,70,0143.png
2040,1356,2.766,7.7354,0.1317,5437.832,1940.868,4691252,30,0144.png
2040,732,1.493,7.8475,0.18644,7627.348,3823.374,2746080,40,0145.png
2040,1356,2.766,7.7385,0.14317,7021.363,3086.112,4613058,40,0146.png
2040,1656,3.378,7.5836,0.13149,3306.782,2009.595,6491516,60,0147.png
2040,1356,2.766,7.737,0.09563,6273.235,1141.649,4231787,40,0148.png
2040,1752,3.574,7.474,0.13527,4226.286,2771.31,6098112,40,0149.png
1164,2040,2.375,6.2742,0.05571,1277.586,1400.88,3479321,30,0150.png
2040,1356,2.766,7.6592,0.18636,2816.59,2436.816,5036117,30,0151.png
2040,1356,2.766,7.409,0.01221,3816.318,48.873,3449680,30,0152.png
2040,1356,2.766,7.612,0.06738,4622.286,501.022,4449454,50,0153.png
2040,1356,2.766,7.2074,0.06209,4522.642,1761.889,3820547,30,0154.png
2040,2040,4.162,7.2548,0.06856,3446.847,799.704,5175638,30,0155.png
2040,1356,2.766,7.7407,0.03879,3338.396,961.611,3859351,30,0156.png
2040,1356,2.766,7.4082,0.01263,4369.308,25.324,2591880,30,0157.png
2040,1224,2.497,7.7241,0.11623,3759.203,1771.731,4131437,50,0158.png
2040,1356,2.766,7.5109,0.04937,4022.455,390.519,3817788,80,0159.png
2040,1356,2.766,7.8912,0.1443,4689.216,1245.008,5478825,60,0160.png
2040,1260,2.57,7.522,0.11452,4524.208,902.502,4346373,60,0161.png
1368,2040,2.791,7.7314,0.1556,3936.192,1412.652,5318208,30,0162.png
2040,1356,2.766,7.127,0.07898,2274.426,961.763,4108233,30,0163.png
2040,1356,2.766,6.0182,0.04234,2031.846,287.528,2876204,30,0164.png
2040,1356,2.766,7.4608,0.01893,6355.635,148.108,3647921,80,0165.png
2040,1356,2.766,7.7939,0.13321,3602.479,2050.349,4490013,30,0166.png
1356,2040,2.766,7.1324,0.01527,5772.204,135.104,2688517,30,0167.png
2040,1356,2.766,6.6781,0.01993,3152.05,83.461,3353629,30,0168.png
2040,1356,2.766,7.7058,0.06963,3835.399,265.446,4406692,50,0169.png
2040,1152,2.35,7.077,0.09976,7619.143,4213.524,3781511,30,0170.png
2040,1536,3.133,7.4795,0.08615,4463.628,957.41,4958534,70,0171.png
2040,1260,2.57,7.1987,0.07691,3823.589,1037.605,3791875,30,0172.png
2040,1356,2.766,7.745,0.11002,5436.757,1448.233,5117614,70,0173.png
2040,1308,2.668,7.1607,0.12342,3054.305,916.499,4918370,60,0174.png
2040,1068,2.179,7.122,0.15659,2561.384,1858.486,3936667,50,0175.png
2040,1644,3.354,4.6369,0.12121,3540.329,3532.733,3992042,30,0176.png
2040,1356,2.766,7.2517,0.02409,5410.068,159.993,3321921,30,0177.png
2040,1356,2.766,7.7374,0.11932,3725.807,698.048,4926863,60,0178.png
2040,1356,2.766,7.114,0.06873,2449.004,397.956,3989844,60,0179.png
2040,1356,2.766,7.043,0.05815,6686.399,495.081,3701226,60,0180.png
2040,1536,3.133,7.4428,0.10982,2708.026,846.357,5567804,70,0181.png
2040,1248,2.546,7.8792,0.21112,4472.134,821.516,4990517,30,0182.png
2040,1356,2.766,7.098,0.09711,2435.531,658.53,4932404,60,0183.png
2040,1356,2.766,7.7911,0.06893,6513.976,917.687,4338512,40,0184.png
2040,1152,2.35,6.9373,0.01209,2506.094,132.307,2688960,30,0185.png
2040,1356,2.766,5.861,0.13295,3716.9,11190.433,4387751,30,0186.png
2040,1356,2.766,7.8775,0.0435,4578.873,188.709,4196521,50,0187.png
2040,1548,3.158,6.3375,0.09792,7419.401,1307.722,4035285,30,0188.png
2040,1356,2.766,7.828,0.16309,5345.509,5015.721,5400742,30,0189.png
2040,1356,2.766,7.1836,0.05288,2569.563,187.282,3887836,30,0190.png
2040,1152,2.35,7.8616,0.07779,5992.406,521.106,3699348,40,0191.png
2040,1452,2.962,7.8091,0.18407,4939.104,2064.584,5798680,30,0192.png
2040,1356,2.766,5.8586,0.03664,4710.363,245.18,1809796,30,0193.png
2040,1356,2.766,6.7292,0.01692,5232.648,195.43,2521250,30,0194.png
2040,1356,2.766,7.2224,0.03548,5655.382,319.717,4089360,90,0195.png
2040,1356,2.766,7.2484,0.06642,4352.852,1052.712,4312134,80,0196.png
2040,1356,2.766,7.7466,0.07728,5127.371,347.773,4568404,40,0197.png
2040,1356,2.766,7.0708,0.0652,3421.259,339.985,3875904,30,0198.png
2040,1548,3.158,7.8403,0.0694,4272.032,459.371,4892493,30,0199.png
2040,1356,2.766,7.3614,0.02298,3911.219,128.318,3711969,30,0200.png
2040,1536,3.133,7.7824,0.1789,4443.795,2088.978,6169079,50,0201.png
2040,1356,2.766,7.5745,0.15299,2985.436,1746.745,4766446,50,0202.png
2040,1356,2.766,6.9967,0.18926,1699.924,2135.346,5782036,60,0203.png
2040,1260,2.57,7.4295,0.04091,3449.986,122.844,3526651,50,0204.png
2040,852,1.738,7.5703,0.14815,4054.295,1937.639,3424633,60,0205.png
2040,1356,2.766,7.8023,0.09733,5770.788,1016.916,4286965,40,0206.png
2040,1356,2.766,7.7248,0.10302,3870.114,777.295,4933316,60,0207.png
2040,1356,2.766,7.6411,0.10343,5462.432,1431.153,4376472,40,0208.png
2040,1356,2.766,7.3543,0.06378,2849.906,1524.703,3759775,40,0209.png
2040,1356,2.766,7.7615,0.143,3963.9,1004.596,5201340,60,0210.png
2040,1356,2.766,7.2295,0.21465,2061.766,1608.036,5883999,60,0211.png
2040,1536,3.133,7.1006,0.18334,4853.711,6510.192,6840822,40,0212.png
2040,1356,2.766,7.4546,0.10361,2573.034,5834.02,5897820,90,0213.png
2040,1356,2.766,7.5238,0.18142,5890.587,6335.051,6128597,50,0214.png
2040,1560,3.182,7.3449,0.01505,3714.392,92.212,3717915,40,0215.png
2040,1632,3.329,7.804,0.19375,3900.901,6355.058,7751722,60,0216.png
2040,2040,4.162,7.2603,0.00565,2466.119,113.692,4977257,60,0217.png
2040,1356,2.766,7.5193,0.16653,6344.377,3129.918,5027157,40,0218.png
2040,1368,2.791,7.485,0.05065,3900.335,362.748,4293020,70,0219.png
2040,1356,2.766,7.5034,0.08196,3766.435,1413.38,4716659,60,0220.png
2040,1356,2.766,7.6976,0.05985,3746.879,324.494,4802998,70,0221.png
2040,1164,2.375,7.3545,0.07163,3197.102,930.36,3423601,60,0222.png
2040,1356,2.766,7.5938,0.07119,3210.501,1033.574,4005613,50,0223.png
2040,1356,2.766,7.3438,0.04273,4594.709,224.184,3711501,40,0224.png
2040,1356,2.766,7.8019,0.03117,4568.975,117.828,3728544,30,0225.png
2040,1356,2.766,7.7385,0.12074,5506.288,1064.038,4696172,60,0226.png
1356,2040,2.766,7.6206,0.04585,4503.763,665.143,3087303,30,0227.png
2040,1356,2.766,7.4867,0.03004,3983.143,251.824,3861504,80,0228.png
2040,1296,2.644,7.6653,0.10289,3308.207,1646.782,4179631,40,0229.png
2040,1392,2.84,7.1088,0.07102,3437.852,443.239,2614301,40,0230.png
2040,1356,2.766,7.0566,0.17661,3543.249,2283.314,5257460,50,0231.png
2040,1356,2.766,7.5018,0.081,5701.273,771.818,4014472,70,0232.png
2040,1368,2.791,7.336,0.08786,2625.271,692.695,3972318,50,0233.png
2040,1356,2.766,7.2132,0.10791,4044.014,838.622,4527722,40,0234.png
2040,1356,2.766,7.4085,0.05559,2615.408,632.005,4329882,60,0235.png
2040,1356,2.766,7.8517,0.08658,5487.083,605.223,3980005,40,0236.png
2040,1140,2.326,7.6425,0.09859,3993.616,2432.738,3682782,30,0237.png
1296,2040,2.644,7.2694,0.10575,3120.785,693.798,4585149,60,0238.png
2040,1152,2.35,7.4636,0.05752,4949.215,494.633,3052586,30,0239.png
2040,1836,3.745,7.4084,0.11855,2711.218,789.734,5784752,30,0240.png
2040,1356,2.766,7.2908,0.03583,2848.603,230.159,3071769,50,0241.png
2040,1356,2.766,7.5306,0.04549,5510.709,401.605,4523228,70,0242.png
2040,780,1.591,7.6148,0.19976,5709.378,2963.234,3190313,50,0243.png
2040,1536,3.133,7.581,0.11587,4298.153,1586.452,5461571,30,0244.png
2040,1536,3.133,7.9581,0.13764,6295.496,839.183,6096630,40,0245.png
1356,2040,2.766,7.5659,0.12128,5588.938,1969.458,4677719,30,0246.png
2040,1356,2.766,7.3687,0.07552,4913.696,765.34,4436171,60,0247.png
2040,1356,2.766,7.8089,0.10231,5217.631,552.76,4793051,30,0248.png
2040,1356,2.766,7.4378,0.08527,3167.214,520.844,4905034,60,0249.png
2040,1356,2.766,7.352,0.04403,2607.702,324.509,3917908,40,0250.png
2040,1356,2.766,7.1421,0.0082,2545.117,45.331,3345358,30,0251.png
2040,1356,2.766,7.0491,0.03026,2618.439,224.508,3734650,40,0252.png
2040,1356,2.766,7.1961,0.01796,2431.266,139.605,3164833,30,0253.png
2040,1356,2.766,7.3288,0.11702,7285.607,1712.36,5111249,50,0254.png
2040,1356,2.766,7.4395,0.05784,4311.779,566.525,3717742,40,0255.png
2040,1356,2.766,6.0768,0.07473,6229.808,1549.635,3726496,30,0256.png
2040,1356,2.766,7.5686,0.10281,8116.98,1680.193,4904672,40,0257.png
2040,1356,2.766,7.3929,0.04617,3077.919,387.258,4516282,50,0258.png
2040,1296,2.644,7.7702,0.0799,6263.185,461.607,4052912,60,0259.png
2040,1356,2.766,6.8223,0.07661,1407.431,840.788,4251034,40,0260.png
2040,1356,2.766,7.488,0.30236,2394.868,3991.777,6610607,40,0261.png
2040,1356,2.766,7.3389,0.10988,5564.519,1230.676,4495431,40,0262.png
2040,1332,2.717,6.7933,0.01823,9956.103,131.581,2503700,30,0263.png
2040,1356,2.766,7.7288,0.08333,4690.843,1283.572,3621321,30,0264.png
2040,1356,2.766,6.7763,0.07888,3523.439,455.764,4314965,30,0265.png
2040,1356,2.766,7.3741,0.10885,3088.76,713.674,4745246,60,0266.png
2040,1356,2.766,6.949,0.02749,3749.98,417.358,3575617,30,0267.png
2040,1356,2.766,7.1004,0.04166,3977.776,232.286,3298616,40,0268.png
2040,1632,3.329,7.5055,0.03306,3034.634,202.28,5048821,50,0269.png
2040,1356,2.766,7.7192,0.09106,4167.341,863.14,4973017,60,0270.png
2040,1536,3.133,7.1103,0.12031,6383.932,1090.739,4784466,40,0271.png
2040,1188,2.424,7.205,0.02977,3368.507,210.926,2858540,30,0272.png
2040,1356,2.766,7.3755,0.07865,4021.529,202.776,4495600,30,0273.png
2040,1356,2.766,7.7753,0.14893,4077.925,1343.891,5432055,60,0274.png
2040,1356,2.766,7.3203,0.04398,8040.843,400.284,3538671,50,0275.png
2040,1356,2.766,7.0707,0.06418,7370.404,855.64,3671008,40,0276.png
2040,1356,2.766,7.7116,0.08816,5449.649,1441.134,4470694,30,0277.png
1356,2040,2.766,6.4851,0.03493,9344.602,131.076,3049080,30,0278.png
2040,1356,2.766,7.6284,0.04272,3321.508,263.859,3906297,50,0279.png
2040,1152,2.35,7.4141,0.06019,5238.203,671.69,3246345,60,0280.png
2040,1152,2.35,7.6123,0.22299,6049.792,5912.683,5272421,30,0281.png
2040,1356,2.766,7.7852,0.04405,4891.458,212.989,3765065,30,0282.png
2040,1356,2.766,7.2063,0.1412,5060.156,2297.1,4594474,50,0283.png
2040,1356,2.766,7.5548,0.09315,3728.19,325.306,4409799,40,0284.png
1236,2040,2.521,7.9094,0.07491,5188.659,596.831,4212559,60,0285.png
2040,1536,3.133,6.8929,0.10253,6812.667,511.059,4583018,60,0286.png
2040,1356,2.766,7.3513,0.07275,2718.498,481.854,3840421,40,0287.png
2040,1356,2.766,7.4127,0.12895,3512.625,1476.919,5434985,70,0288.png
1356,2040,2.766,7.0214,0.0742,6211.904,462.199,3361635,30,0289.png
2040,1356,2.766,7.4167,0.07009,3604.417,564.091,4279968,30,0290.png
2040,1260,2.57,7.7722,0.28371,4068.319,2611.608,5826427,40,0291.png
2040,1356,2.766,7.4408,0.10546,3922.52,1088.251,4725589,40,0292.png
2040,1152,2.35,7.2714,0.1362,3923.692,1577.002,3892069,60,0293.png
2040,1356,2.766,7.6666,0.05042,4214.111,887.653,4028025,30,0294.png
2040,1356,2.766,6.9823,0.05547,2390.396,122.421,4005971,30,0295.png
2040,1356,2.766,7.7784,0.04863,4772.132,369.093,3758311,30,0296.png
2040,1344,2.742,7.741,0.2876,3767.357,2606.726,6254126,40,0297.png
2040,1224,2.497,7.5819,0.08072,2977.513,511.8,4278319,30,0298.png
2040,1392,2.84,7.7096,0.1155,4866.868,960.676,4914837,30,0299.png
2040,1320,2.693,7.5343,0.14482,6122.558,1257.785,4529325,60,0300.png
2040,1356,2.766,7.6049,0.00231,3892.659,39.656,2747178,30,0301.png
2040,1356,2.766,7.4603,0.10955,2836.469,2007.956,4943778,70,0302.png
2040,1356,2.766,7.6159,0.12953,5232.167,1153.724,5051451,50,0303.png
2040,1224,2.497,7.3483,0.10908,5997.936,1201.727,4233993,50,0304.png
2040,1356,2.766,7.7216,0.13886,5727.481,868.715,5386657,80,0305.png
2040,1356,2.766,7.8767,0.11214,5729.832,700.643,4384371,40,0306.png
2040,1356,2.766,7.4312,0.02782,4136.915,122.468,3565146,30,0307.png
2040,1356,2.766,7.5928,0.1114,3599.266,753.859,4357180,30,0308.png
2040,1356,2.766,7.5941,0.08065,4526.937,534.473,4407908,30,0309.png
2040,1356,2.766,7.4703,0.11145,4401.116,1194.161,4520246,40,0310.png
2040,1188,2.424,7.3229,0.19471,6941.261,2003.075,4301016,50,0311.png
1716,2040,3.501,7.5899,0.14043,5470.527,3154.133,6084882,40,0312.png
1356,2040,2.766,7.5173,0.17795,5954.69,3601.348,5620288,40,0313.png
2040,1356,2.766,7.5244,0.04653,4625.056,576.949,3739008,60,0314.png
2040,1200,2.448,6.7389,0.04929,1297.735,920.829,3122926,30,0315.png
2040,1332,2.717,7.4341,0.08036,2819.786,174.599,3977616,30,0316.png
2040,1356,2.766,7.5063,0.14587,4950.155,2878.413,5408374,40,0317.png
2040,1356,2.766,7.3687,0.0564,3119.519,327.178,4169286,40,0318.png
2040,1356,2.766,7.5559,0.02509,3488.422,146.922,3528336,30,0319.png
2040,1356,2.766,7.8767,0.201,7141.293,5016.334,5488697,30,0320.png
2040,1356,2.766,6.9055,0.03134,3190.622,99.569,3330547,30,0321.png
2040,1644,3.354,7.4665,0.07899,2459.686,963.964,5642675,80,0322.png
2040,1356,2.766,7.7427,0.12706,4133.196,1007.251,4510614,30,0323.png
1356,2040,2.766,7.2376,0.21816,4736.189,2403.876,5982323,50,0324.png
2040,1356,2.766,7.641,0.12965,4641.498,1135.892,4698004,40,0325.png
2040,1356,2.766,6.5896,0.04376,3322.36,345.225,4595376,90,0326.png
2040,1152,2.35,6.4782,0.08688,2272.41,1162.332,2250553,30,0327.png
2040,1356,2.766,7.704,0.13743,4607.141,2198.943,5600092,70,0328.png
1356,2040,2.766,7.847,0.04806,5596.625,188.565,3823453,30,0329.png
2040,1140,2.326,6.7613,0.0526,1149.155,529.689,4210052,90,0330.png
1356,2040,2.766,7.9008,0.04897,4879.274,144.879,4120582,30,0331.png
2040,1224,2.497,7.5954,0.16729,3627.548,3692.332,5373724,40,0332.png
2040,1356,2.766,7.6348,0.1922,3002.347,1979.957,5840621,50,0333.png
2040,1356,2.766,7.3708,0.12719,2517.443,1510.372,5416167,70,0334.png
2040,1272,2.595,7.4744,0.14682,2474.221,787.739,4551944,50,0335.png
2040,1356,2.766,7.4322,0.12339,3594.561,1908.601,4999271,50,0336.png
1632,2040,3.329,6.9647,0.04456,4653.676,183.74,4421157,30,0337.png
2040,1356,2.766,7.1651,0.05242,6968.168,1021.268,3828003,30,0338.png
2040,1356,2.766,7.5909,0.10282,6121.128,317.728,4983250,50,0339.png
2040,744,1.518,7.0969,0.11604,2474.387,1170.841,2380709,30,0340.png
2040,1440,2.938,7.3136,0.06403,5394.666,642.968,4488800,40,0341.png
2040,1356,2.766,7.7768,0.15145,6684.835,2870.819,4818940,30,0342.png
2040,1200,2.448,7.4357,0.11096,6680.644,1157.646,4353946,70,0343.png
1356,2040,2.766,7.1484,0.02921,3031.35,160.39,3905367,40,0344.png
2040,1356,2.766,7.4098,0.16786,2476.767,1147.768,4817597,30,0345.png
2040,1356,2.766,7.8099,0.10505,6517.685,2453.52,4434690,60,0346.png
2040,1800,3.672,7.7774,0.11219,5260.011,986.267,6262011,30,0347.png
2040,1260,2.57,7.3042,0.17053,4216.557,5009.491,4923980,30,0348.png
2040,1392,2.84,7.6886,0.1359,4162.909,721.357,5232961,30,0349.png
1116,2040,2.277,7.5865,0.07674,5251.787,1106.716,3598869,50,0350.png
2040,1356,2.766,7.7541,0.12276,5356.315,1270.484,5068883,60,0351.png
2040,888,1.812,7.5848,0.13691,4774.925,1066.115,3287750,40,0352.png
2040,1536,3.133,7.7414,0.10004,4440.871,1012.242,5103287,40,0353.png
2040,1356,2.766,7.7968,0.04245,4590.105,269.598,4485224,70,0354.png
2040,1356,2.766,7.5453,0.04383,2989.968,357.669,3284382,40,0355.png
2040,1272,2.595,7.6525,0.0925,3423.125,1430.963,4078228,50,0356.png
2040,1176,2.399,7.3561,0.09515,5944.921,1389.249,4098056,30,0357.png
2040,1356,2.766,7.3105,0.06975,4732.354,803.757,4491173,70,0358.png
2040,1356,2.766,7.7303,0.04051,3894.576,313.364,3021956,30,0359.png
2040,2004,4.088,6.5206,0.07244,1051.59,164.223,5658362,50,0360.png
1536,2040,3.133,7.8363,0.13897,5137.649,1658.583,5803401,40,0361.png
2040,1464,2.987,7.1757,0.05405,7679.863,661.047,4831313,80,0362.png
2040,1356,2.766,7.3876,0.17883,2665.364,2484.103,6051750,70,0363.png
2040,1356,2.766,6.0916,0.01225,6202.383,74.527,2862256,30,0364.png
2040,1212,2.472,7.2303,0.06058,5177.558,507.871,3349238,50,0365.png
2040,1356,2.766,7.2092,0.07382,3709.182,1009.376,5172952,80,0366.png
2040,1356,2.766,7.7011,0.05718,5034.498,261.153,3784729,30,0367.png
2040,1356,2.766,7.5514,0.03069,3941.863,209.151,2902139,30,0368.png
2040,1356,2.766,6.5032,0.09221,2645.401,1218.235,5087278,80,0369.png
2040,1356,2.766,7.2997,0.24419,3140.923,2864.478,6015598,30,0370.png
2040,1356,2.766,7.6154,0.06209,4510.363,751.707,3521573,40,0371.png
2040,1140,2.326,7.7324,0.2981,3276.145,11238.462,6064768,30,0372.png
1356,2040,2.766,6.5696,0.04897,2625.01,659.145,3510598,30,0373.png
1632,2040,3.329,7.2988,0.05069,4366.004,501.941,4681655,70,0374.png
1356,2040,2.766,7.3002,0.13388,5800.319,4188.144,4733756,30,0375.png
2040,1356,2.766,7.197,0.0089,2745.196,65.893,3274062,40,0376.png
2040,1356,2.766,7.5547,0.24556,3930.166,4219.884,6292877,40,0377.png
2040,1536,3.133,7.6359,0.11631,2834.929,619.736,5663515,70,0378.png
2040,1368,2.791,7.8281,0.07792,6731.765,591.376,3816559,50,0379.png
2040,1272,2.595,7.4611,0.18409,2783.546,2081.363,5309816,60,0380.png
2040,1452,2.962,7.6499,0.05967,6642.958,828.913,4042308,30,0381.png
2040,1356,2.766,7.7385,0.22862,5394.285,3656.35,5961353,30,0382.png
2040,1512,3.084,7.163,0.09971,2531.283,731.56,4736531,50,0383.png
2040,1356,2.766,7.3918,0.09403,5171.411,1294.218,4566116,70,0384.png
1440,2040,2.938,7.3019,0.09309,4328.396,2150.56,4777671,30,0385.png
2040,1356,2.766,7.6861,0.08763,4546.83,1982.069,3745080,40,0386.png
2040,972,1.983,7.418,0.11262,3159.147,821.593,3118027,50,0387.png
2040,1356,2.766,7.6679,0.13284,3938.896,845.151,4960805,40,0388.png
2040,1356,2.766,7.4384,0.04176,3983.961,401.82,2686439,30,0389.png
2040,1308,2.668,7.1935,0.13102,4511.434,2229.038,4227067,30,0390.png
2040,1356,2.766,7.4912,0.05608,4142.268,879.762,4283608,70,0391.png
2040,1152,2.35,7.7716,0.18054,6240.377,10402.25,5219864,50,0392.png
2040,1356,2.766,7.1873,0.06852,5233.117,1164.501,4143117,70,0393.png
2040,1536,3.133,7.8497,0.06489,4662.029,596.885,5057222,50,0394.png
2040,1356,2.766,7.6319,0.11605,2862.313,542.84,5064804,60,0395.png
2040,1356,2.766,7.7392,0.04407,5394.102,232.637,3387138,50,0396.png
2040,1260,2.57,7.2128,0.11022,2650.302,1012.634,4491558,60,0397.png
2040,1356,2.766,7.2556,0.11537,3701.591,987.033,4731229,60,0398.png
1356,2040,2.766,7.6446,0.12127,5085.174,2184.529,4108229,50,0399.png
2040,1284,2.619,5.9538,0.02432,1948.965,272.539,2857363,30,0400.png
2040,1356,2.766,7.1955,0.08119,6327.349,1082.006,3564496,30,0401.png
2040,1356,2.766,7.5691,0.05849,5303.563,539.829,4403636,50,0402.png
2040,1356,2.766,7.8016,0.05285,5624.803,297.715,4414607,50,0403.png
2040,1632,3.329,6.9152,0.09163,2332.829,1829.587,6074765,80,0404.png
2040,1356,2.766,7.5212,0.08732,4589.5,643.748,4108977,40,0405.png
1356,2040,2.766,7.5528,0.01353,3900.168,26.846,3178636,30,0406.png
2040,1356,2.766,7.7328,0.05702,4334.205,285.869,4480958,70,0407.png
2040,1464,2.987,7.4275,0.08175,2954.114,414.463,5113043,50,0408.png
2040,1368,2.791,7.6662,0.2022,4343.622,3962.715,6078835,30,0409.png
1356,2040,2.766,7.7689,0.05773,4106.214,461.388,4414326,60,0410.png
2040,1260,2.57,7.8369,0.14698,4218.084,1608.924,4712919,60,0411.png
2040,1356,2.766,7.6359,0.10523,4618.063,1493.923,5037017,50,0412.png
2040,1368,2.791,7.2652,0.15894,6251.582,1458.305,4361346,40,0413.png
1356,2040,2.766,7.6966,0.06417,5311.72,417.893,4162429,30,0414.png
1356,2040,2.766,7.7268,0.07802,6245.061,526.624,4209625,30,0415.png
2040,1356,2.766,7.3721,0.00575,2065.157,40.534,3158710,30,0416.png
2040,1356,2.766,7.7437,0.14575,3918.427,1416.973,5178547,40,0417.png
2040,1356,2.766,7.6826,0.08563,5133.59,929.857,4763429,60,0418.png
2040,1536,3.133,7.8093,0.01577,5530.824,78.637,4113201,30,0419.png
1536,2040,3.133,7.9236,0.18071,5680.662,1472.835,6218454,40,0420.png
1524,2040,3.109,7.2837,0.11639,7163.183,1523.359,5264108,30,0421.png
1356,2040,2.766,6.7507,0.02569,4916.307,188.592,2498909,30,0422.png
2040,1356,2.766,7.407,0.12368,2025.928,555.633,4935756,40,0423.png
2040,1356,2.766,7.7947,0.02201,3999.378,175.609,3353692,70,0424.png
2040,1356,2.766,5.2928,0.00709,1367.695,111.965,3265110,60,0425.png
2040,1164,2.375,7.9365,0.17497,5593.637,4087.254,5066544,50,0426.png
2040,1356,2.766,7.77,0.1105,4891.664,1066.554,4942043,70,0427.png
2040,1356,2.766,7.4143,0.04507,3156.955,456.248,4423820,80,0428.png
2040,1536,3.133,7.7291,0.07848,2986.792,350.166,5575487,60,0429.png
2040,1368,2.791,7.611,0.07039,3566.848,754.196,4290587,50,0430.png
2040,1356,2.766,6.9628,0.05599,4922.215,289.382,3409483,80,0431.png
2040,1356,2.766,7.7296,0.02467,3735.652,183.462,3544610,80,0432.png
2040,1356,2.766,7.4237,0.04606,3162.506,689.726,3874275,40,0433.png
2040,1224,2.497,7.6262,0.07636,3121.155,507.192,4240032,50,0434.png
2040,1356,2.766,7.0034,0.03532,5200.034,237.76,3491378,30,0435.png
2040,1356,2.766,6.7473,0.03446,2100.204,257.247,3691345,70,0436.png
2040,648,1.322,6.7141,0.05099,1853.752,649.259,1621531,30,0437.png
2040,1356,2.766,7.7511,0.19535,4882.494,3768.376,5996498,40,0438.png
2040,1392,2.84,7.7474,0.131,4901.751,1635.121,5031288,60,0439.png
2040,1356,2.766,7.7545,0.11588,4934.728,1349.652,5072607,40,0440.png
2040,1188,2.424,6.9377,0.06254,3262.792,1107.299,3671516,60,0441.png
2040,1356,2.766,5.3036,0.02475,956.394,246.18,4032594,90,0442.png
2040,1356,2.766,7.4352,0.28197,3784.629,4563.173,6404516,40,0443.png
2040,1356,2.766,7.4405,0.06208,3158.188,585.412,3428282,30,0444.png
2040,1356,2.766,7.6489,0.01621,4203.021,122.266,3249251,30,0445.png
2040,1356,2.766,7.8559,0.18917,4525.39,3715.702,5924185,50,0446.png
2040,1692,3.452,7.9135,0.12472,5416.48,2019.594,6071253,40,0447.png
2040,1536,3.133,7.6587,0.04933,4259.542,356.674,5063169,90,0448.png
1368,2040,2.791,7.5153,0.00871,5228.072,307.624,4103114,90,0449.png
2040,2040,4.162,7.1979,0.10078,4699.701,696.001,6962636,80,0450.png
1356,2040,2.766,7.4863,0.08636,4374.892,497.158,5019956,80,0451.png
2040,1428,2.913,6.954,0.04965,5447.191,928.41,3540425,30,0452.png
2040,1536,3.133,6.5011,0.05289,2075.219,397.789,5062494,80,0453.png
2040,1356,2.766,7.1816,0.08045,4507.724,1477.792,3340061,30,0454.png
2040,1128,2.301,7.2649,0.06497,3492.384,697.209,3325217,60,0455.png
2040,1356,2.766,7.481,0.03589,5695.093,185.073,3417978,30,0456.png
1164,2040,2.375,7.6532,0.08516,8367.29,1889.747,3224099,40,0457.png
2040,1356,2.766,7.584,0.02137,3244.581,216.775,3780278,70,0458.png
2040,1356,2.766,7.7396,0.04274,4320.021,272.547,4113191,40,0459.png
1944,2040,3.966,7.814,0.14063,3504.819,2359.753,6936383,40,0460.png
1440,2040,2.938,7.725,0.03266,4211.258,183.974,3906750,30,0461.png
2040,1356,2.766,7.5417,0.13394,3835.841,1825.629,4974025,40,0462.png
2040,1368,2.791,7.8435,0.17753,6097.611,3095.416,5303565,30,0463.png
2040,1356,2.766,7.1353,0.08899,5814.227,820.96,4359364,70,0464.png
2040,1152,2.35,7.551,0.07238,7973.652,492.16,3664200,40,0465.png
2040,1356,2.766,7.7136,0.12279,4977.721,1336.448,4738347,60,0466.png
1356,2040,2.766,7.738,0.02644,4310.713,105.34,3699174,40,0467.png
2040,1356,2.766,7.6771,0.06472,7724.809,460.925,4261767,40,0468.png
1356,2040,2.766,7.5331,0.01928,2907.183,181.085,3489343,30,0469.png
2040,1356,2.766,7.4193,0.15118,2667.312,1052.264,5511848,60,0470.png
2040,1356,2.766,7.6944,0.10335,7131.847,2463.453,5301693,70,0471.png
2040,1356,2.766,6.9487,0.04481,1606.822,192.391,4474892,60,0472.png
2040,1356,2.766,6.5481,0.0828,1817.213,938.152,3897371,40,0473.png
2040,1356,2.766,7.6969,0.04186,3982.782,238.936,3715752,30,0474.png
2040,1356,2.766,7.8455,0.07732,4440.617,618.869,4520433,50,0475.png
2040,1452,2.962,7.4082,0.16363,3851.661,3306.779,5065390,30,0476.png
2040,1356,2.766,7.8292,0.07553,6192.166,973.825,4673457,30,0477.png
2040,1356,2.766,6.0635,0.14942,3853.145,2974.269,4521632,40,0478.png
2040,1356,2.766,7.0498,0.08419,4587.02,469.156,4677879,40,0479.png
2040,1356,2.766,7.5245,0.03209,2902.177,334.452,3586079,30,0480.png
2040,1368,2.791,7.8656,0.09561,4732.658,739.184,3933932,50,0481.png
2040,1488,3.036,7.6051,0.13829,3834.661,1322.244,5818471,50,0482.png
2040,1356,2.766,7.6292,0.04067,4119.952,294.591,3502682,40,0483.png
2040,1356,2.766,7.7688,0.03944,4514.634,179.578,3904622,60,0484.png
2040,1356,2.766,7.6271,0.16602,3355.713,1523.861,5302287,50,0485.png
2040,1536,3.133,7.4836,0.06928,4510.775,755.356,4758653,60,0486.png
2040,1356,2.766,7.6368,0.19381,5348.85,3766.08,5743609,40,0487.png
1356,2040,2.766,7.1267,0.00153,1792.803,66.518,3259745,90,0488.png
2040,1536,3.133,7.8104,0.07633,6001.972,456.017,5015345,40,0489.png
2040,1356,2.766,6.9205,0.05431,2389.717,950.246,4224514,80,0490.png
2040,1368,2.791,7.4482,0.23497,4722.671,6165.294,5872800,40,0491.png
2040,1356,2.766,7.7149,0.18366,3858.344,2065.848,5268253,50,0492.png
2040,1356,2.766,6.6954,0.09733,5609.799,3995.705,3942618,30,0493.png
2040,1356,2.766,7.4848,0.01245,4359.525,125.698,3478446,40,0494.png
2040,1356,2.766,7.2959,0.0897,2040.585,768.383,4068902,30,0495.png
2040,1356,2.766,7.2502,0.05807,2497.301,460.151,3743277,40,0496.png
2040,1356,2.766,7.0043,0.07185,6084.22,635.832,4103098,80,0497.png
2040,1356,2.766,7.2103,0.04156,4238.498,403.561,2797715,30,0498.png
2040,1356,2.766,7.1133,0.08898,3603.397,422.708,4631790,40,0499.png
2040,2040,4.162,7.5022,0.08782,5111.944,1879.143,8003449,80,0500.png
2040,1356,2.766,7.4555,0.14472,3902.642,2455.986,5109041,30,0501.png
2040,1356,2.766,5.2143,0.0596,3149.737,679.96,3119670,30,0502.png
2040,1356,2.766,7.6075,0.09279,3455.231,859.54,4510512,40,0503.png
2040,1356,2.766,7.6416,0.11291,3303.598,398.619,4735781,40,0504.png
2040,1140,2.326,7.5815,0.16358,4512.404,5161.112,5480550,70,0505.png
2040,1356,2.766,7.054,0.11091,6267.986,963.221,4618453,50,0506.png
2040,1356,2.766,6.6915,0.00463,1808.683,33.26,1920296,30,0507.png
1368,2040,2.791,7.45,0.12585,8195.411,2285.982,4695830,30,0508.png
2040,1368,2.791,7.5159,0.06533,6751.88,418.159,3287850,30,0509.png
2040,1356,2.766,7.8148,0.12882,4635.2,1122.508,5026856,40,0510.png
2040,1152,2.35,7.8058,0.06561,6168.898,339.372,3922986,70,0511.png
2040,1452,2.962,7.6825,0.12423,3981.933,1522.148,4638863,40,0512.png
2040,2040,4.162,5.4385,0.01925,3700.799,239.069,4140364,50,0513.png
2040,1368,2.791,7.7903,0.12925,5155.684,1606.332,4822851,60,0514.png
2040,1356,2.766,7.6425,0.25705,3566.386,2766.528,6242435,40,0515.png
2040,1536,3.133,7.3886,0.15191,2507.435,1991.625,5610170,50,0516.png
2040,1536,3.133,7.5641,0.03753,3741.452,172.413,4474464,50,0517.png
2040,960,1.958,7.5431,0.08211,5335.633,735.736,3129925,50,0518.png
2040,1356,2.766,7.1013,0.03921,1561.757,154.882,3773420,60,0519.png
2040,1356,2.766,6.9031,0.06452,9227.88,1603.763,3779527,60,0520.png
1368,2040,2.791,7.4788,0.09927,4066.858,3122.507,3695570,30,0521.png
1356,2040,2.766,7.4595,0.01814,2892.918,152.683,3584641,50,0522.png
2040,888,1.812,7.6491,0.27216,3234.466,4308.953,4192913,40,0523.png
2040,1356,2.766,7.404,0.03914,4633.287,493.621,3759002,30,0524.png
2040,1356,2.766,7.3879,0.02035,4585.06,255.057,4056875,90,0525.png
2040,1356,2.766,7.5557,0.23916,3513.624,6895.138,6405103,40,0526.png
2040,1044,2.13,7.6582,0.0929,5406.16,1254.812,3247170,50,0527.png
2040,1536,3.133,7.6858,0.04575,5640.551,125.218,4762626,30,0528.png
2040,1356,2.766,7.4553,0.26784,4044.545,6529.131,6670662,40,0529.png
2040,1356,2.766,7.724,0.04042,3829.084,377.668,3682890,30,0530.png
2040,1536,3.133,7.6585,0.08187,5139.641,258.519,5628640,60,0531.png
1356,2040,2.766,7.5522,0.02045,5938.237,136.618,3238321,50,0532.png
2040,1356,2.766,6.9819,0.05126,2745.168,1044.96,2612980,30,0533.png
2040,1224,2.497,7.7295,0.0826,4894.611,900.868,3714342,70,0534.png
2040,1284,2.619,7.7459,0.13799,4899.058,2284.339,4467145,30,0535.png
2040,1356,2.766,7.5819,0.12251,3343.266,2394.006,4638479,40,0536.png
2040,1356,2.766,7.4064,0.15535,6963.521,3197.608,5517610,60,0537.png
2040,1356,2.766,6.4589,0.01646,2511.705,124.553,2961258,30,0538.png
2040,1368,2.791,7.6462,0.0487,4241.563,139.896,4068861,30,0539.png
2040,1356,2.766,7.7962,0.08162,4358.453,292.632,4401622,30,0540.png
2040,1368,2.791,7.7033,0.11576,6228.764,1614.953,4654479,40,0541.png
2040,1140,2.326,7.6663,0.23217,4189.635,2680.228,5326820,60,0542.png
1356,2040,2.766,6.9641,0.03163,9133.586,76.011,3114504,30,0543.png
2040,1356,2.766,6.8627,0.0158,1897.926,135.13,3399147,60,0544.png
1992,2040,4.064,7.7098,0.23893,3063.323,2188.096,9087262,40,0545.png
2040,1536,3.133,7.2983,0.0549,5707.69,579.33,4323771,80,0546.png
2040,1152,2.35,7.6969,0.10276,6525.655,1176.585,3879175,40,0547.png
2040,1356,2.766,6.3921,0.0623,8877.505,359.493,3198189,30,0548.png
2040,1356,2.766,7.685,0.2193,3034.717,1958.907,5929938,50,0549.png
2040,1224,2.497,7.4698,0.07849,3475.05,450.073,4183450,50,0550.png
2040,1356,2.766,7.1665,0.05833,2053.068,561.45,3756078,40,0551.png
2040,1356,2.766,5.715,0.01599,1405.216,99.897,2986909,30,0552.png
2040,1356,2.766,7.3069,0.15226,3802.683,2501.957,5270400,60,0553.png
2040,1332,2.717,7.7467,0.12198,4416.723,1028.213,4634624,40,0554.png
2040,1356,2.766,7.574,0.14783,3382.096,1289.945,5220502,50,0555.png
2040,1356,2.766,7.1493,0.10115,3817.372,1213.886,4288349,50,0556.png
2040,1152,2.35,6.8667,0.08309,5290.166,1165.866,3194610,50,0557.png
2040,1356,2.766,7.3745,0.05492,4133.042,679.954,4204904,60,0558.png
2040,1536,3.133,7.579,0.12574,3455.644,792.404,5989752,70,0559.png
2040,1092,2.228,7.3478,0.0407,4787.745,243.16,2231162,30,0560.png
2040,1176,2.399,7.2608,0.16784,6217.469,8283.953,4905841,30,0561.png
2040,1356,2.766,7.1211,0.09556,3674.132,9629.294,5442651,30,0562.png
2040,1356,2.766,7.7463,0.0878,5916.016,831.092,4463081,30,0563.png
2040,1608,3.28,7.6672,0.02754,4643.622,201.398,4019056,40,0564.png
1356,2040,2.766,6.6402,0.01914,4129.259,211.516,2808783,30,0565.png
2040,1368,2.791,7.7071,0.1775,3852.092,2444.648,5364701,50,0566.png
2040,1356,2.766,7.6525,0.06247,4485.416,384.851,4563415,80,0567.png
1824,2040,3.721,7.3824,0.08806,4319.423,1171.166,5714408,40,0568.png
2040,1356,2.766,6.8594,0.12174,2008.175,2374.619,4143209,40,0569.png
2040,1356,2.766,7.2834,0.04883,2727.97,380.852,3500369,30,0570.png
2040,1356,2.766,7.8017,0.08235,5680.94,427.746,4494987,40,0571.png
2040,1356,2.766,7.5905,0.13139,3323.275,669.83,5273498,40,0572.png
2040,1356,2.766,7.2127,0.03781,2203.236,149.784,4149272,60,0573.png
2040,1332,2.717,7.6789,0.14803,3237.163,3469.923,5521566,60,0574.png
2040,1356,2.766,7.5113,0.12394,4456.606,1800.373,5618845,80,0575.png
2040,1356,2.766,7.7499,0.08382,4968.936,612.252,4326978,50,0576.png
1344,2040,2.742,7.1504,0.1212,2079.129,2501.659,5461737,70,0577.png
2040,1248,2.546,6.5828,0.02544,4965.595,240.268,2238920,30,0578.png
2040,1152,2.35,7.7117,0.25621,6119.981,6845.971,5399973,30,0579.png
2040,1344,2.742,7.2845,0.087,3506.784,1422.947,3531645,40,0580.png
2040,1068,2.179,6.9456,0.05232,2509.998,481.233,2560095,40,0581.png
2040,1356,2.766,7.4689,0.16871,4897.919,1854.358,5117714,50,0582.png
2040,1188,2.424,7.1725,0.10951,2658.214,654.73,3453724,30,0583.png
2040,1356,2.766,7.5797,0.10668,4268.374,1053.306,4922218,60,0584.png
2040,1248,2.546,7.8493,0.16199,4379.558,1575.428,4922870,30,0585.png
1428,2040,2.913,7.4588,0.09202,5417.576,973.213,4381769,40,0586.png
2040,1368,2.791,6.0175,0.04447,2293.254,460.471,3076519,30,0587.png
2040,1356,2.766,7.6431,0.30365,3876.521,4877.768,6718645,30,0588.png
2040,1356,2.766,7.6692,0.14833,6932.969,1453.884,4706279,60,0589.png
1356,2040,2.766,7.5043,0.03318,4741.665,332.353,3280861,30,0590.png
2040,1212,2.472,7.2537,0.13275,2162.706,1516.574,4790222,60,0591.png
2040,1356,2.766,7.8887,0.14257,4585.717,768.08,5207093,40,0592.png
2040,1356,2.766,7.4658,0.11407,6569.228,1695.349,4585494,30,0593.png
2040,1356,2.766,7.7646,0.13086,3339.969,1276.562,5162495,60,0594.png
2040,1428,2.913,7.6737,0.08906,3317.361,700.101,4536716,60,0595.png
2040,1356,2.766,7.7898,0.0728,4641.277,399.966,4347876,40,0596.png
1356,2040,2.766,7.5005,0.04606,6385.282,190.391,3892450,40,0597.png
2040,1356,2.766,7.3339,0.01855,3864.674,95.938,3659839,30,0598.png
2040,1356,2.766,7.1776,0.0118,2079.435,67.276,3380996,30,0599.png
2040,1536,3.133,7.5448,0.0749,3713.453,729.199,4958002,30,0600.png
2040,1356,2.766,7.8138,0.0848,4869.962,347.072,4742802,30,0601.png
2040,1356,2.766,7.6667,0.11931,5569.1,2512.859,4871208,50,0602.png
1356,2040,2.766,7.6118,0.07518,5100.294,593.715,4530603,60,0603.png
2040,1356,2.766,7.7678,0.33448,3825.102,4382.951,6816031,30,0604.png
2040,1428,2.913,7.7514,0.07681,5020.5,701.801,3266107,30,0605.png
2040,1356,2.766,7.6077,0.21049,2933.071,2023.141,5877939,50,0606.png
2040,1356,2.766,7.724,0.13162,6318.423,1675.686,5001873,40,0607.png
1356,2040,2.766,7.3956,0.0883,5405.908,928.829,4105502,60,0608.png
2040,1356,2.766,7.6332,0.08818,3397.949,597.007,4385001,60,0609.png
2040,1440,2.938,7.4913,0.00866,5397.598,33.031,3277534,30,0610.png
2040,1356,2.766,7.1655,0.12107,5119.5,1444.753,4460234,40,0611.png
2040,1188,2.424,7.6942,0.10841,3742.593,689.24,4067605,50,0612.png
2040,1584,3.231,7.4086,0.15792,2583.357,1896.777,6118425,50,0613.png
1356,2040,2.766,7.4565,0.07896,4859.597,1038.193,4029260,30,0614.png
1356,2040,2.766,7.6535,0.07156,6136.227,297.967,4120119,40,0615.png
2040,1368,2.791,7.4116,0.06378,2930.943,237.346,4420646,60,0616.png
2040,1356,2.766,7.7488,0.14247,4990.674,2882.486,5046396,50,0617.png
2040,1356,2.766,6.0258,0.01972,4236.333,32.957,3131159,30,0618.png
2040,1524,3.109,7.7235,0.06246,5309.054,364.832,4788139,60,0619.png
2040,1356,2.766,7.7191,0.0681,7020.742,1000.875,4439502,70,0620.png
2040,1356,2.766,7.634,0.13098,5880.752,2036.737,5196302,50,0621.png
2040,1452,2.962,7.0233,0.04397,2492.781,317.315,4038759,50,0622.png
2040,1356,2.766,7.6485,0.14244,4536.46,1998.098,5416601,50,0623.png
1356,2040,2.766,7.5372,0.07223,3441.52,553.007,4783895,70,0624.png
1356,2040,2.766,7.583,0.1489,6317.527,4427.66,5264292,40,0625.png
2040,1356,2.766,6.9894,0.07867,2391.815,576.168,4295190,40,0626.png
2040,864,1.763,7.4871,0.11441,4185.168,1402.533,2377353,30,0627.png
1632,2040,3.329,7.4351,0.21198,2533.99,1948.023,7114652,60,0628.png
2040,1464,2.987,6.2257,0.04683,1900.15,663.699,4264476,50,0629.png
2040,1356,2.766,6.9772,0.11087,3465.042,737.313,4522620,60,0630.png
2040,1356,2.766,6.9578,0.02974,3703.115,227.092,2886053,30,0631.png
2040,1356,2.766,6.6247,0.03658,1983.347,574.425,4855923,90,0632.png
2040,1356,2.766,6.1301,0.02476,5824.134,188.544,3403562,30,0633.png
2040,1356,2.766,7.7819,0.11306,7459.694,817.03,4764527,40,0634.png
2040,1368,2.791,7.6824,0.06349,4955.662,709.305,3996304,30,0635.png
2040,1356,2.766,7.8114,0.12341,6104.932,1848.16,4744465,50,0636.png
2040,1536,3.133,6.6944,0.00498,2448.887,39.525,3662200,30,0637.png
2040,1356,2.766,6.846,0.11238,7220.502,3543.048,4544850,30,0638.png
2040,1356,2.766,7.9344,0.19948,4904.507,2997.787,5983174,30,0639.png
2040,1356,2.766,7.5964,0.07799,3818.652,1167.611,5289713,80,0640.png
2040,1356,2.766,7.5783,0.11699,4146.738,1681.01,5074590,50,0641.png
2040,1356,2.766,7.2501,0.07883,1842.716,732.528,4517506,50,0642.png
2040,1536,3.133,6.2579,0.10485,5159.836,1995.35,4177476,30,0643.png
2040,1356,2.766,7.3404,0.06119,2683.689,252.929,4504928,40,0644.png
2040,1356,2.766,7.2416,0.05711,4829.988,522.703,4651508,40,0645.png
2040,1476,3.011,6.7713,0.00956,5492.384,93.549,3256257,30,0646.png
2040,1356,2.766,7.6665,0.07122,3085.243,283.686,4437606,30,0647.png
2040,1356,2.766,7.2191,0.09011,3366.751,1111.545,4703200,70,0648.png
2040,1536,3.133,7.8802,0.10335,5353.428,324.276,5580354,30,0649.png
2040,1452,2.962,5.1548,0.06115,3736.352,861.955,2840108,30,0650.png
2040,1224,2.497,6.6528,0.07333,1176.0,311.453,4212811,50,0651.png
2040,1356,2.766,7.6875,0.06274,3661.236,484.582,4209786,70,0652.png
2040,1584,3.231,7.6896,0.22022,4046.815,3105.794,6885992,40,0653.png
2040,1344,2.742,7.3162,0.04768,4061.054,488.258,3850771,50,0654.png
2040,1356,2.766,7.5248,0.07475,2772.286,588.403,4528786,80,0655.png
2040,1320,2.693,7.7044,0.07173,5161.798,547.941,4415133,30,0656.png
2040,1536,3.133,7.8913,0.14092,5551.926,1799.56,5808780,40,0657.png
2040,1356,2.766,7.7158,0.0874,4860.375,1287.77,3688772,30,0658.png
2040,1356,2.766,7.7863,0.22036,4055.983,4163.37,6203241,40,0659.png
2040,1356,2.766,7.8567,0.03984,4865.348,80.605,4162397,30,0660.png
2040,1296,2.644,5.5715,0.09572,4157.013,607.636,3767685,50,0661.png
2040,1356,2.766,5.7094,0.02859,2339.75,541.386,3812284,80,0662.png
2040,1356,2.766,7.7533,0.08792,3861.544,1533.053,4577725,60,0663.png
2040,1632,3.329,6.5228,0.0387,995.529,192.076,5443404,70,0664.png
2040,1356,2.766,7.5915,0.05651,3178.105,195.712,4394375,70,0665.png
1476,2040,3.011,5.4319,0.02953,1563.796,293.357,2453341,30,0666.png
2040,1356,2.766,7.8575,0.13821,4930.395,1187.824,4714397,40,0667.png
2040,1356,2.766,7.8246,0.1279,4355.006,896.234,4772975,40,0668.png
2040,1536,3.133,7.8657,0.04411,4208.862,192.277,5235599,60,0669.png
1356,2040,2.766,6.7708,0.03951,3760.647,384.939,3801981,40,0670.png
2040,1356,2.766,7.7346,0.24438,4284.651,5497.577,6577634,40,0671.png
2040,1308,2.668,7.5618,0.07788,7609.836,1656.58,4421689,50,0672.png
2040,1152,2.35,7.69,0.07206,6192.81,559.24,3262037,30,0673.png
2040,1356,2.766,7.6475,0.06666,3771.559,367.818,3745066,30,0674.png
2040,1356,2.766,7.3642,0.08668,2300.595,1293.057,4209756,40,0675.png
2040,1344,2.742,7.7361,0.16111,4342.012,2192.823,4647847,40,0676.png
2040,1380,2.815,6.5903,0.03499,1994.011,637.157,3420297,30,0677.png
2040,1452,2.962,7.1312,0.11775,3825.379,2572.087,5189965,70,0678.png
2040,1464,2.987,7.4089,0.05521,3177.408,620.35,4447027,60,0679.png
2040,1212,2.472,7.8535,0.07784,5573.65,1060.682,3993194,80,0680.png
2040,1356,2.766,7.7908,0.1474,3697.724,863.517,5157788,50,0681.png
2040,1368,2.791,7.6514,0.16972,5257.089,1592.535,4418075,50,0682.png
2040,1356,2.766,7.6526,0.06137,3509.112,517.326,4391186,50,0683.png
2040,1356,2.766,7.4157,0.13451,4109.112,1730.676,4986137,50,0684.png
2040,1080,2.203,7.5381,0.06952,4315.865,546.542,3458153,50,0685.png
2040,1356,2.766,7.8106,0.17108,5604.8,2198.916,5588899,40,0686.png
2040,1536,3.133,7.698,0.06542,5176.148,822.838,5196409,30,0687.png
2040,1356,2.766,7.2287,0.01579,2664.425,67.864,3664427,40,0688.png
2040,1356,2.766,6.6963,0.03695,2735.267,353.539,3788851,30,0689.png
1356,2040,2.766,7.141,0.07151,2786.629,328.623,4543178,70,0690.png
2040,1356,2.766,7.6612,0.07359,6452.128,929.126,4077397,50,0691.png
2040,1356,2.766,7.0488,0.05383,3679.188,899.167,3759683,60,0692.png
2040,1536,3.133,7.3714,0.10999,2034.783,487.801,4878855,30,0693.png
1356,2040,2.766,7.7457,0.10978,3378.105,656.875,4968701,50,0694.png
2040,1356,2.766,7.8332,0.02245,4243.934,128.943,3356076,40,0695.png
1356,2040,2.766,7.4837,0.01046,3464.961,48.547,3497065,40,0696.png
2040,1356,2.766,7.3213,0.10885,5250.816,1267.611,4475848,50,0697.png
1968,2040,4.015,6.2324,0.0101,3586.384,57.624,4243673,30,0698.png
1572,2040,3.207,7.5593,0.0711,3513.323,535.237,4763012,40,0699.png
2040,1728,3.525,7.1157,0.18557,8255.509,8887.762,7854139,50,0700.png
2040,1344,2.742,7.8229,0.16544,6473.24,4438.601,5355062,30,0701.png
2040,1320,2.693,7.5486,0.01154,2791.952,67.003,3407782,30,0702.png
1356,2040,2.766,7.6872,0.0812,4667.293,994.044,3895835,60,0703.png
2040,1356,2.766,6.8364,0.03276,2299.037,239.194,3628835,30,0704.png
2040,1356,2.766,7.3641,0.05822,3779.666,425.491,4206579,90,0705.png
2040,1368,2.791,7.7869,0.16619,4997.618,2618.746,5070999,50,0706.png
2040,1356,2.766,7.5771,0.05839,3921.356,1342.617,3685730,30,0707.png
2040,1356,2.766,7.0859,0.04149,2728.956,269.358,4130860,80,0708.png
2040,1356,2.766,7.406,0.06525,3009.135,251.405,3944003,40,0709.png
2040,936,1.909,7.788,0.16127,4935.71,2304.834,3606198,60,0710.png
2040,1536,3.133,6.9807,0.09388,8226.797,937.641,4873755,40,0711.png
2040,1788,3.648,7.7381,0.15256,3812.533,1911.806,6790165,50,0712.png
2040,1344,2.742,6.8784,0.06335,1602.335,1255.832,3638283,30,0713.png
2040,1524,3.109,7.4342,0.07903,2865.431,850.927,4298071,40,0714.png
2040,1332,2.717,7.712,0.09147,4849.164,1186.574,4737941,70,0715.png
2040,2040,4.162,7.6636,0.08411,3743.182,546.214,6585928,30,0716.png
2040,1356,2.766,6.145,0.08896,4492.768,459.966,3377755,40,0717.png
2040,1356,2.766,3.6775,0.05611,2624.368,637.634,2277839,30,0718.png
2040,1356,2.766,7.6336,0.13346,5750.89,1933.011,4385315,40,0719.png
2040,1356,2.766,7.3859,0.0618,4132.485,785.317,3341807,30,0720.png
2040,1356,2.766,7.7822,0.07277,3827.86,504.946,4520601,60,0721.png
2040,1356,2.766,6.6614,0.04918,1128.385,703.295,3903596,60,0722.png
2040,1356,2.766,7.6293,0.09422,4887.442,639.008,4781181,50,0723.png
1356,2040,2.766,7.6286,0.08848,4719.568,520.313,4794626,60,0724.png
2040,1356,2.766,7.3155,0.05587,2832.18,821.277,5054369,80,0725.png
2040,1152,2.35,7.1417,0.04839,2031.501,227.274,3387349,50,0726.png
2040,1356,2.766,7.6389,0.00955,4689.722,54.118,3431935,30,0727.png
2040,1368,2.791,7.6583,0.08328,3674.454,2346.706,4264684,40,0728.png
2040,1356,2.766,7.5969,0.19991,3308.897,2387.981,5802399,50,0729.png
2040,1356,2.766,7.7222,0.1353,5368.164,1012.63,5134844,50,0730.png
2040,1356,2.766,6.9841,0.07466,3563.43,469.614,4417374,40,0731.png
2040,1536,3.133,7.7513,0.13692,4944.099,1735.761,5513026,60,0732.png
2040,1308,2.668,7.8153,0.01182,5360.811,88.379,3597179,60,0733.png
1356,2040,2.766,7.5411,0.0629,4428.403,441.103,3685861,30,0734.png
2040,1536,3.133,6.9967,0.02547,2791.772,291.992,4306148,80,0735.png
2040,1452,2.962,7.4542,0.01671,2580.45,488.826,4763260,90,0736.png
2040,1356,2.766,7.2778,0.0478,4843.575,218.051,3411456,30,0737.png
2040,1356,2.766,7.596,0.04003,4235.958,312.817,3926581,40,0738.png
2040,1356,2.766,7.7115,0.16565,4942.565,723.56,5336629,50,0739.png
2040,1356,2.766,7.5397,0.11846,3286.709,895.464,4856959,60,0740.png
1320,2040,2.693,7.4969,0.03259,3077.716,235.434,3776319,80,0741.png
2040,1356,2.766,7.0367,0.11535,3397.115,1756.634,4653313,30,0742.png
2040,1356,2.766,7.4377,0.02432,2316.961,1749.657,5573702,80,0743.png
2040,1584,3.231,7.4678,0.0479,3955.269,367.013,4800350,80,0744.png
2040,1140,2.326,7.6796,0.10502,3786.188,522.263,4198580,70,0745.png
2040,1356,2.766,7.3261,0.03562,5161.971,276.663,4287048,90,0746.png
2040,1464,2.987,6.5091,0.07676,2226.08,2070.082,4322374,50,0747.png
2040,1536,3.133,7.8237,0.15777,4713.835,2026.429,6042587,40,0748.png
2040,1332,2.717,7.2783,0.02833,2678.75,99.111,3981897,30,0749.png
2040,1356,2.766,7.3827,0.04297,3520.302,184.032,4160270,50,0750.png
2040,1356,2.766,6.6831,0.09717,2434.637,1566.858,4302080,40,0751.png
1176,2040,2.399,7.6504,0.11331,3701.35,1177.781,3562685,30,0752.png
2040,1536,3.133,7.3773,0.07873,3403.703,688.686,5426305,80,0753.png
2040,1356,2.766,7.1971,0.08,4296.234,335.079,4260328,30,0754.png
2040,1356,2.766,7.6318,0.06975,3375.761,464.084,4246663,40,0755.png
2040,1356,2.766,7.6939,0.10072,3986.062,1701.196,5103615,80,0756.png
1428,2040,2.913,7.4668,0.09609,3134.542,767.601,4855267,40,0757.png
2040,1356,2.766,7.8716,0.13865,4524.131,1982.839,5084287,50,0758.png
2040,1356,2.766,7.236,0.11104,4971.132,775.564,4763999,60,0759.png
1356,2040,2.766,7.2654,0.13772,4455.036,2179.377,5205894,60,0760.png
2040,1440,2.938,7.5494,0.13024,3156.478,1214.408,5061569,40,0761.png
2040,1296,2.644,7.2288,0.0721,7155.845,789.683,3705391,30,0762.png
2040,1536,3.133,7.2043,0.01397,4815.179,98.413,3663297,30,0763.png
2040,1344,2.742,7.5046,0.00561,7338.349,22.494,2211861,30,0764.png
2040,1356,2.766,7.4219,0.062,2982.811,345.411,4464804,70,0765.png
2040,1356,2.766,7.687,0.23417,5149.088,7457.464,6472344,30,0766.png
2040,1572,3.207,7.2711,0.02764,2108.06,129.395,4032218,40,0767.png
2040,1356,2.766,6.3748,0.00715,1250.087,39.008,3039280,30,0768.png
2040,1356,2.766,7.5613,0.22657,3325.864,4853.509,4057977,50,0769.png
2040,1356,2.766,7.8465,0.18586,5497.292,4149.383,5530047,40,0770.png
2040,1356,2.766,7.5282,0.07659,3917.504,312.863,4649652,40,0771.png
2040,1356,2.766,7.7338,0.18846,4557.523,2655.385,5913376,50,0772.png
2040,1356,2.766,7.6027,0.07723,4966.112,313.44,4184670,40,0773.png
2040,1356,2.766,7.7662,0.07203,4704.931,368.831,4535480,40,0774.png
2040,1356,2.766,7.4783,0.15742,4024.805,2208.687,4770465,40,0775.png
2040,1536,3.133,7.7327,0.13861,2930.325,1509.731,5846442,50,0776.png
2040,1536,3.133,6.2406,0.02351,2826.9,101.825,3889700,80,0777.png
2040,1356,2.766,7.7852,0.15317,4050.367,1344.998,4987691,30,0778.png
2040,1356,2.766,7.0642,0.04966,8043.061,494.188,3330954,30,0779.png
2040,1356,2.766,7.3756,0.0732,2385.212,261.161,4160195,30,0780.png
2040,1356,2.766,6.9296,0.01996,2878.122,379.661,4430182,90,0781.png
1632,2040,3.329,6.3559,0.07121,2712.861,1070.026,4690748,30,0782.png
2040,1368,2.791,7.5052,0.05002,2832.541,336.529,4048525,60,0783.png
2040,1356,2.766,7.393,0.0484,4737.779,693.488,4449320,80,0784.png
2040,1224,2.497,7.1074,0.14288,3495.954,2012.893,4608108,40,0785.png
2040,1356,2.766,7.4211,0.18445,3550.477,5337.269,5205172,30,0786.png
2040,1356,2.766,7.3575,0.18453,2305.927,1025.425,5742548,60,0787.png
2040,1356,2.766,7.384,0.11869,2436.62,903.8,4709254,50,0788.png
2040,1260,2.57,6.9797,0.05327,3438.501,295.767,4700066,80,0789.png
2040,1356,2.766,7.7925,0.03114,4912.392,133.364,3997308,30,0790.png
2040,1356,2.766,7.0239,0.07404,4604.571,690.68,3874548,30,0791.png
2040,1356,2.766,7.5065,0.06609,4483.969,1285.886,3973316,80,0792.png
2040,1488,3.036,7.4654,0.05961,4286.081,437.904,3746414,30,0793.png
2040,1272,2.595,7.2888,0.07987,4185.662,1125.032,4283636,70,0794.png
2040,1152,2.35,7.841,0.07377,5509.472,517.796,3409227,30,0795.png
2040,1356,2.766,6.8444,0.03655,1607.817,262.66,4216091,80,0796.png
2040,1416,2.889,7.4149,0.15912,4809.809,2202.033,6447239,70,0797.png
2040,1356,2.766,7.2974,0.11077,3360.974,1003.446,4896135,60,0798.png
2040,1356,2.766,6.5107,0.01038,2108.923,34.222,2554969,30,0799.png
2040,1332,2.717,7.4188,0.07311,4007.182,680.984,2330584,40,0800.png
